amount_per_partner,amounts_per_partner,computation_time,contributivity_method,contributivity_score,contributivity_scores,contributivity_std,contributivity_stds,dataset_name,epoch_count,federated_test_score,is_early_stopping,partner_id,partners_count,samples_split_option,scenario_name,test_data_samples_count,single_partner_test_mode,train_data_samples_count,random_state,scenario_id
0.4,"[0.4, 0.3, 0.3]",320.0,Shapley values,0.38733335336049396,[0.38733335 0.29748334 0.29558333],0.0,[0. 0. 0.],MNIST,40.0,0.7846999764442444,1.0,0.0,3.0,Random,"Random 3 [0.4, 0.3, 0.3]",10000.0,global,48000.0,0,0
0.3,"[0.4, 0.3, 0.3]",320.0,Shapley values,0.29748334487279254,[0.38733335 0.29748334 0.29558333],0.0,[0. 0. 0.],MNIST,40.0,0.7846999764442444,1.0,1.0,3.0,Random,"Random 3 [0.4, 0.3, 0.3]",10000.0,global,48000.0,0,0
0.3,"[0.4, 0.3, 0.3]",320.0,Shapley values,0.2955833276112874,[0.38733335 0.29748334 0.29558333],0.0,[0. 0. 0.],MNIST,40.0,0.7846999764442444,1.0,2.0,3.0,Random,"Random 3 [0.4, 0.3, 0.3]",10000.0,global,48000.0,0,0
0.4,"[0.4, 0.3, 0.3]",30.0,Independant scores raw,0.9821000099182129,[0.98210001 0.9799     0.97750002],0.0,[0. 0. 0.],MNIST,40.0,0.7846999764442444,1.0,0.0,3.0,Random,"Random 3 [0.4, 0.3, 0.3]",10000.0,global,48000.0,0,0
0.3,"[0.4, 0.3, 0.3]",30.0,Independant scores raw,0.9799000024795532,[0.98210001 0.9799     0.97750002],0.0,[0. 0. 0.],MNIST,40.0,0.7846999764442444,1.0,1.0,3.0,Random,"Random 3 [0.4, 0.3, 0.3]",10000.0,global,48000.0,0,0
0.3,"[0.4, 0.3, 0.3]",30.0,Independant scores raw,0.9775000214576721,[0.98210001 0.9799     0.97750002],0.0,[0. 0. 0.],MNIST,40.0,0.7846999764442444,1.0,2.0,3.0,Random,"Random 3 [0.4, 0.3, 0.3]",10000.0,global,48000.0,0,0
0.4,"[0.4, 0.3, 0.3]",30.0,Independant scores additive,0.2621597527779722,[0.26215975 0.26158363 0.26095659],0.0,[0. 0. 0.],MNIST,40.0,0.7846999764442444,1.0,0.0,3.0,Random,"Random 3 [0.4, 0.3, 0.3]",10000.0,global,48000.0,0,0
0.3,"[0.4, 0.3, 0.3]",30.0,Independant scores additive,0.26158363333764034,[0.26215975 0.26158363 0.26095659],0.0,[0. 0. 0.],MNIST,40.0,0.7846999764442444,1.0,1.0,3.0,Random,"Random 3 [0.4, 0.3, 0.3]",10000.0,global,48000.0,0,0
0.3,"[0.4, 0.3, 0.3]",30.0,Independant scores additive,0.26095659032863194,[0.26215975 0.26158363 0.26095659],0.0,[0. 0. 0.],MNIST,40.0,0.7846999764442444,1.0,2.0,3.0,Random,"Random 3 [0.4, 0.3, 0.3]",10000.0,global,48000.0,0,0
0.9,"[0.9, 0.05, 0.05]",331.0,Shapley values,0.3372500042120616,[0.33725    0.22715    0.22420002],0.0,[0. 0. 0.],MNIST,40.0,0.979200005531311,1.0,0.0,3.0,Random,"Random 3 [0.9, 0.05, 0.05]",10000.0,global,48000.0,0,1
0.05,"[0.9, 0.05, 0.05]",331.0,Shapley values,0.22715000311533606,[0.33725    0.22715    0.22420002],0.0,[0. 0. 0.],MNIST,40.0,0.979200005531311,1.0,1.0,3.0,Random,"Random 3 [0.9, 0.05, 0.05]",10000.0,global,48000.0,0,1
0.05,"[0.9, 0.05, 0.05]",331.0,Shapley values,0.2242000202337901,[0.33725    0.22715    0.22420002],0.0,[0. 0. 0.],MNIST,40.0,0.979200005531311,1.0,2.0,3.0,Random,"Random 3 [0.9, 0.05, 0.05]",10000.0,global,48000.0,0,1
0.9,"[0.9, 0.05, 0.05]",30.0,Independant scores raw,0.986299991607666,[0.98629999 0.94069999 0.93150002],0.0,[0. 0. 0.],MNIST,40.0,0.979200005531311,1.0,0.0,3.0,Random,"Random 3 [0.9, 0.05, 0.05]",10000.0,global,48000.0,0,1
0.05,"[0.9, 0.05, 0.05]",30.0,Independant scores raw,0.9406999945640564,[0.98629999 0.94069999 0.93150002],0.0,[0. 0. 0.],MNIST,40.0,0.979200005531311,1.0,1.0,3.0,Random,"Random 3 [0.9, 0.05, 0.05]",10000.0,global,48000.0,0,1
0.05,"[0.9, 0.05, 0.05]",30.0,Independant scores raw,0.9315000176429749,[0.98629999 0.94069999 0.93150002],0.0,[0. 0. 0.],MNIST,40.0,0.979200005531311,1.0,2.0,3.0,Random,"Random 3 [0.9, 0.05, 0.05]",10000.0,global,48000.0,0,1
0.9,"[0.9, 0.05, 0.05]",30.0,Independant scores additive,0.33741101129027756,[0.33741101 0.3223706  0.3194184 ],0.0,[0. 0. 0.],MNIST,40.0,0.979200005531311,1.0,0.0,3.0,Random,"Random 3 [0.9, 0.05, 0.05]",10000.0,global,48000.0,0,1
0.05,"[0.9, 0.05, 0.05]",30.0,Independant scores additive,0.3223705976929599,[0.33741101 0.3223706  0.3194184 ],0.0,[0. 0. 0.],MNIST,40.0,0.979200005531311,1.0,1.0,3.0,Random,"Random 3 [0.9, 0.05, 0.05]",10000.0,global,48000.0,0,1
0.05,"[0.9, 0.05, 0.05]",30.0,Independant scores additive,0.31941839654807397,[0.33741101 0.3223706  0.3194184 ],0.0,[0. 0. 0.],MNIST,40.0,0.979200005531311,1.0,2.0,3.0,Random,"Random 3 [0.9, 0.05, 0.05]",10000.0,global,48000.0,0,1
0.9,"[0.9, 0.1]",109.0,Shapley values,0.5056000053882599,[0.50560001 0.47760001],0.0,[0. 0.],MNIST,40.0,0.9857000112533569,1.0,0.0,2.0,Random,"Random 2 [0.9, 0.1]",10000.0,global,48000.0,0,2
0.1,"[0.9, 0.1]",109.0,Shapley values,0.47760000824928284,[0.50560001 0.47760001],0.0,[0. 0.],MNIST,40.0,0.9857000112533569,1.0,1.0,2.0,Random,"Random 2 [0.9, 0.1]",10000.0,global,48000.0,0,2
0.9,"[0.9, 0.1]",29.0,Independant scores raw,0.9861999750137329,[0.98619998 0.96020001],0.0,[0. 0.],MNIST,40.0,0.9857000112533569,1.0,0.0,2.0,Random,"Random 2 [0.9, 0.1]",10000.0,global,48000.0,0,2
0.1,"[0.9, 0.1]",29.0,Independant scores raw,0.9602000117301941,[0.98619998 0.96020001],0.0,[0. 0.],MNIST,40.0,0.9857000112533569,1.0,1.0,2.0,Random,"Random 2 [0.9, 0.1]",10000.0,global,48000.0,0,2
0.9,"[0.9, 0.1]",29.0,Independant scores additive,0.49925668574740983,[0.49925669 0.48644333],0.0,[0. 0.],MNIST,40.0,0.9857000112533569,1.0,0.0,2.0,Random,"Random 2 [0.9, 0.1]",10000.0,global,48000.0,0,2
0.1,"[0.9, 0.1]",29.0,Independant scores additive,0.486443325505947,[0.49925669 0.48644333],0.0,[0. 0.],MNIST,40.0,0.9857000112533569,1.0,1.0,2.0,Random,"Random 2 [0.9, 0.1]",10000.0,global,48000.0,0,2
0.4,"[0.4, 0.3, 0.3]",159.0,Shapley values,0.2984166542689005,[0.29841665 0.22016666 0.28991667],0.0,[0. 0. 0.],MNIST,40.0,0.8094000220298767,1.0,0.0,3.0,Random,"Random 3 [0.4, 0.3, 0.3]",10000.0,global,48000.0,1,0
0.3,"[0.4, 0.3, 0.3]",159.0,Shapley values,0.22016666332880658,[0.29841665 0.22016666 0.28991667],0.0,[0. 0. 0.],MNIST,40.0,0.8094000220298767,1.0,1.0,3.0,Random,"Random 3 [0.4, 0.3, 0.3]",10000.0,global,48000.0,1,0
0.3,"[0.4, 0.3, 0.3]",159.0,Shapley values,0.2899166742960612,[0.29841665 0.22016666 0.28991667],0.0,[0. 0. 0.],MNIST,40.0,0.8094000220298767,1.0,2.0,3.0,Random,"Random 3 [0.4, 0.3, 0.3]",10000.0,global,48000.0,1,0
0.4,"[0.4, 0.3, 0.3]",30.0,Independant scores raw,0.9797000288963318,[0.97970003 0.98110002 0.98070002],0.0,[0. 0. 0.],MNIST,40.0,0.8094000220298767,1.0,0.0,3.0,Random,"Random 3 [0.4, 0.3, 0.3]",10000.0,global,48000.0,1,0
0.3,"[0.4, 0.3, 0.3]",30.0,Independant scores raw,0.9811000227928162,[0.97970003 0.98110002 0.98070002],0.0,[0. 0. 0.],MNIST,40.0,0.8094000220298767,1.0,1.0,3.0,Random,"Random 3 [0.4, 0.3, 0.3]",10000.0,global,48000.0,1,0
0.3,"[0.4, 0.3, 0.3]",30.0,Independant scores raw,0.9807000160217285,[0.97970003 0.98110002 0.98070002],0.0,[0. 0. 0.],MNIST,40.0,0.8094000220298767,1.0,2.0,3.0,Random,"Random 3 [0.4, 0.3, 0.3]",10000.0,global,48000.0,1,0
0.4,"[0.4, 0.3, 0.3]",30.0,Independant scores additive,0.26958420863274446,[0.26958421 0.26996189 0.26985392],0.0,[0. 0. 0.],MNIST,40.0,0.8094000220298767,1.0,0.0,3.0,Random,"Random 3 [0.4, 0.3, 0.3]",10000.0,global,48000.0,1,0
0.3,"[0.4, 0.3, 0.3]",30.0,Independant scores additive,0.2699618891929712,[0.26958421 0.26996189 0.26985392],0.0,[0. 0. 0.],MNIST,40.0,0.8094000220298767,1.0,1.0,3.0,Random,"Random 3 [0.4, 0.3, 0.3]",10000.0,global,48000.0,1,0
0.3,"[0.4, 0.3, 0.3]",30.0,Independant scores additive,0.26985392420416127,[0.26958421 0.26996189 0.26985392],0.0,[0. 0. 0.],MNIST,40.0,0.8094000220298767,1.0,2.0,3.0,Random,"Random 3 [0.4, 0.3, 0.3]",10000.0,global,48000.0,1,0
0.9,"[0.9, 0.05, 0.05]",247.0,Shapley values,0.30898334582646686,[0.30898335 0.26838334 0.20763334],0.0,[0. 0. 0.],MNIST,40.0,0.9771000146865845,1.0,0.0,3.0,Random,"Random 3 [0.9, 0.05, 0.05]",10000.0,global,48000.0,1,1
0.05,"[0.9, 0.05, 0.05]",247.0,Shapley values,0.26838334401448566,[0.30898335 0.26838334 0.20763334],0.0,[0. 0. 0.],MNIST,40.0,0.9771000146865845,1.0,1.0,3.0,Random,"Random 3 [0.9, 0.05, 0.05]",10000.0,global,48000.0,1,1
0.05,"[0.9, 0.05, 0.05]",247.0,Shapley values,0.20763333638509116,[0.30898335 0.26838334 0.20763334],0.0,[0. 0. 0.],MNIST,40.0,0.9771000146865845,1.0,2.0,3.0,Random,"Random 3 [0.9, 0.05, 0.05]",10000.0,global,48000.0,1,1
0.9,"[0.9, 0.05, 0.05]",30.0,Independant scores raw,0.9857000112533569,[0.98570001 0.93779999 0.9289    ],0.0,[0. 0. 0.],MNIST,40.0,0.9771000146865845,1.0,0.0,3.0,Random,"Random 3 [0.9, 0.05, 0.05]",10000.0,global,48000.0,1,1
0.05,"[0.9, 0.05, 0.05]",30.0,Independant scores raw,0.9377999901771545,[0.98570001 0.93779999 0.9289    ],0.0,[0. 0. 0.],MNIST,40.0,0.9771000146865845,1.0,1.0,3.0,Random,"Random 3 [0.9, 0.05, 0.05]",10000.0,global,48000.0,1,1
0.05,"[0.9, 0.05, 0.05]",30.0,Independant scores raw,0.9289000034332275,[0.98570001 0.93779999 0.9289    ],0.0,[0. 0. 0.],MNIST,40.0,0.9771000146865845,1.0,2.0,3.0,Random,"Random 3 [0.9, 0.05, 0.05]",10000.0,global,48000.0,1,1
0.9,"[0.9, 0.05, 0.05]",30.0,Independant scores additive,0.33716216015998823,[0.33716216 0.32139278 0.31854508],0.0,[0. 0. 0.],MNIST,40.0,0.9771000146865845,1.0,0.0,3.0,Random,"Random 3 [0.9, 0.05, 0.05]",10000.0,global,48000.0,1,1
0.05,"[0.9, 0.05, 0.05]",30.0,Independant scores additive,0.32139277747029654,[0.33716216 0.32139278 0.31854508],0.0,[0. 0. 0.],MNIST,40.0,0.9771000146865845,1.0,1.0,3.0,Random,"Random 3 [0.9, 0.05, 0.05]",10000.0,global,48000.0,1,1
0.05,"[0.9, 0.05, 0.05]",30.0,Independant scores additive,0.31854507705629964,[0.33716216 0.32139278 0.31854508],0.0,[0. 0. 0.],MNIST,40.0,0.9771000146865845,1.0,2.0,3.0,Random,"Random 3 [0.9, 0.05, 0.05]",10000.0,global,48000.0,1,1
0.9,"[0.9, 0.1]",94.0,Shapley values,0.5070000290870667,[0.50700003 0.47369999],0.0,[0. 0.],MNIST,40.0,0.982200026512146,1.0,0.0,2.0,Random,"Random 2 [0.9, 0.1]",10000.0,global,48000.0,1,2
0.1,"[0.9, 0.1]",94.0,Shapley values,0.47369998693466187,[0.50700003 0.47369999],0.0,[0. 0.],MNIST,40.0,0.982200026512146,1.0,1.0,2.0,Random,"Random 2 [0.9, 0.1]",10000.0,global,48000.0,1,2
0.9,"[0.9, 0.1]",29.0,Independant scores raw,0.9872000217437744,[0.98720002 0.95349997],0.0,[0. 0.],MNIST,40.0,0.982200026512146,1.0,0.0,2.0,Random,"Random 2 [0.9, 0.1]",10000.0,global,48000.0,1,2
0.1,"[0.9, 0.1]",29.0,Independant scores raw,0.953499972820282,[0.98720002 0.95349997],0.0,[0. 0.],MNIST,40.0,0.982200026512146,1.0,1.0,2.0,Random,"Random 2 [0.9, 0.1]",10000.0,global,48000.0,1,2
0.9,"[0.9, 0.1]",29.0,Independant scores additive,0.49937427742189416,[0.49937428 0.48282575],0.0,[0. 0.],MNIST,40.0,0.982200026512146,1.0,0.0,2.0,Random,"Random 2 [0.9, 0.1]",10000.0,global,48000.0,1,2
0.1,"[0.9, 0.1]",29.0,Independant scores additive,0.4828257490902517,[0.49937428 0.48282575],0.0,[0. 0.],MNIST,40.0,0.982200026512146,1.0,1.0,2.0,Random,"Random 2 [0.9, 0.1]",10000.0,global,48000.0,1,2
0.4,"[0.4, 0.3, 0.3]",254.0,Shapley values,0.3326666553815206,[0.33266666 0.27776666 0.27096667],0.0,[0. 0. 0.],MNIST,40.0,0.791700005531311,1.0,0.0,3.0,Random,"Random 3 [0.4, 0.3, 0.3]",10000.0,global,48000.0,2,0
0.3,"[0.4, 0.3, 0.3]",254.0,Shapley values,0.2777666648228963,[0.33266666 0.27776666 0.27096667],0.0,[0. 0. 0.],MNIST,40.0,0.791700005531311,1.0,1.0,3.0,Random,"Random 3 [0.4, 0.3, 0.3]",10000.0,global,48000.0,2,0
0.3,"[0.4, 0.3, 0.3]",254.0,Shapley values,0.27096666892369586,[0.33266666 0.27776666 0.27096667],0.0,[0. 0. 0.],MNIST,40.0,0.791700005531311,1.0,2.0,3.0,Random,"Random 3 [0.4, 0.3, 0.3]",10000.0,global,48000.0,2,0
0.4,"[0.4, 0.3, 0.3]",30.0,Independant scores raw,0.9804999828338623,[0.98049998 0.97680002 0.98089999],0.0,[0. 0. 0.],MNIST,40.0,0.791700005531311,1.0,0.0,3.0,Random,"Random 3 [0.4, 0.3, 0.3]",10000.0,global,48000.0,2,0
0.3,"[0.4, 0.3, 0.3]",30.0,Independant scores raw,0.9768000245094299,[0.98049998 0.97680002 0.98089999],0.0,[0. 0. 0.],MNIST,40.0,0.791700005531311,1.0,1.0,3.0,Random,"Random 3 [0.4, 0.3, 0.3]",10000.0,global,48000.0,2,0
0.3,"[0.4, 0.3, 0.3]",30.0,Independant scores raw,0.98089998960495,[0.98049998 0.97680002 0.98089999],0.0,[0. 0. 0.],MNIST,40.0,0.791700005531311,1.0,2.0,3.0,Random,"Random 3 [0.4, 0.3, 0.3]",10000.0,global,48000.0,2,0
0.4,"[0.4, 0.3, 0.3]",30.0,Independant scores additive,0.2641899974911935,[0.26419    0.26321431 0.2642957 ],0.0,[0. 0. 0.],MNIST,40.0,0.791700005531311,1.0,0.0,3.0,Random,"Random 3 [0.4, 0.3, 0.3]",10000.0,global,48000.0,2,0
0.3,"[0.4, 0.3, 0.3]",30.0,Independant scores additive,0.26321431162234005,[0.26419    0.26321431 0.2642957 ],0.0,[0. 0. 0.],MNIST,40.0,0.791700005531311,1.0,1.0,3.0,Random,"Random 3 [0.4, 0.3, 0.3]",10000.0,global,48000.0,2,0
0.3,"[0.4, 0.3, 0.3]",30.0,Independant scores additive,0.2642956964177774,[0.26419    0.26321431 0.2642957 ],0.0,[0. 0. 0.],MNIST,40.0,0.791700005531311,1.0,2.0,3.0,Random,"Random 3 [0.4, 0.3, 0.3]",10000.0,global,48000.0,2,0
0.9,"[0.9, 0.05, 0.05]",298.0,Shapley values,0.3722333312034607,[0.37223333 0.23583332 0.23383334],0.0,[0. 0. 0.],MNIST,40.0,0.7828999757766724,1.0,0.0,3.0,Random,"Random 3 [0.9, 0.05, 0.05]",10000.0,global,48000.0,2,1
0.05,"[0.9, 0.05, 0.05]",298.0,Shapley values,0.2358333170413971,[0.37223333 0.23583332 0.23383334],0.0,[0. 0. 0.],MNIST,40.0,0.7828999757766724,1.0,1.0,3.0,Random,"Random 3 [0.9, 0.05, 0.05]",10000.0,global,48000.0,2,1
0.05,"[0.9, 0.05, 0.05]",298.0,Shapley values,0.23383334279060364,[0.37223333 0.23583332 0.23383334],0.0,[0. 0. 0.],MNIST,40.0,0.7828999757766724,1.0,2.0,3.0,Random,"Random 3 [0.9, 0.05, 0.05]",10000.0,global,48000.0,2,1
0.9,"[0.9, 0.05, 0.05]",29.0,Independant scores raw,0.9864000082015991,[0.98640001 0.94239998 0.9325    ],0.0,[0. 0. 0.],MNIST,40.0,0.7828999757766724,1.0,0.0,3.0,Random,"Random 3 [0.9, 0.05, 0.05]",10000.0,global,48000.0,2,1
0.05,"[0.9, 0.05, 0.05]",29.0,Independant scores raw,0.9423999786376953,[0.98640001 0.94239998 0.9325    ],0.0,[0. 0. 0.],MNIST,40.0,0.7828999757766724,1.0,1.0,3.0,Random,"Random 3 [0.9, 0.05, 0.05]",10000.0,global,48000.0,2,1
0.05,"[0.9, 0.05, 0.05]",29.0,Independant scores raw,0.9325000047683716,[0.98640001 0.94239998 0.9325    ],0.0,[0. 0. 0.],MNIST,40.0,0.7828999757766724,1.0,2.0,3.0,Random,"Random 3 [0.9, 0.05, 0.05]",10000.0,global,48000.0,2,1
0.9,"[0.9, 0.05, 0.05]",29.0,Independant scores additive,0.2695490295772117,[0.26954903 0.257946   0.25540494],0.0,[0. 0. 0.],MNIST,40.0,0.7828999757766724,1.0,0.0,3.0,Random,"Random 3 [0.9, 0.05, 0.05]",10000.0,global,48000.0,2,1
0.05,"[0.9, 0.05, 0.05]",29.0,Independant scores additive,0.25794600296104114,[0.26954903 0.257946   0.25540494],0.0,[0. 0. 0.],MNIST,40.0,0.7828999757766724,1.0,1.0,3.0,Random,"Random 3 [0.9, 0.05, 0.05]",10000.0,global,48000.0,2,1
0.05,"[0.9, 0.05, 0.05]",29.0,Independant scores additive,0.25540494323841934,[0.26954903 0.257946   0.25540494],0.0,[0. 0. 0.],MNIST,40.0,0.7828999757766724,1.0,2.0,3.0,Random,"Random 3 [0.9, 0.05, 0.05]",10000.0,global,48000.0,2,1
0.9,"[0.9, 0.1]",108.0,Shapley values,0.505549967288971,[0.50554997 0.48175001],0.0,[0. 0.],MNIST,40.0,0.9835000038146973,1.0,0.0,2.0,Random,"Random 2 [0.9, 0.1]",10000.0,global,48000.0,2,2
0.1,"[0.9, 0.1]",108.0,Shapley values,0.4817500114440918,[0.50554997 0.48175001],0.0,[0. 0.],MNIST,40.0,0.9835000038146973,1.0,1.0,2.0,Random,"Random 2 [0.9, 0.1]",10000.0,global,48000.0,2,2
0.9,"[0.9, 0.1]",29.0,Independant scores raw,0.9855999946594238,[0.98559999 0.95349997],0.0,[0. 0.],MNIST,40.0,0.9835000038146973,1.0,0.0,2.0,Random,"Random 2 [0.9, 0.1]",10000.0,global,48000.0,2,2
0.1,"[0.9, 0.1]",29.0,Independant scores raw,0.953499972820282,[0.98559999 0.95349997],0.0,[0. 0.],MNIST,40.0,0.9835000038146973,1.0,1.0,2.0,Random,"Random 2 [0.9, 0.1]",10000.0,global,48000.0,2,2
0.9,"[0.9, 0.1]",29.0,Independant scores additive,0.49964191715934314,[0.49964192 0.48385809],0.0,[0. 0.],MNIST,40.0,0.9835000038146973,1.0,0.0,2.0,Random,"Random 2 [0.9, 0.1]",10000.0,global,48000.0,2,2
0.1,"[0.9, 0.1]",29.0,Independant scores additive,0.4838580866553541,[0.49964192 0.48385809],0.0,[0. 0.],MNIST,40.0,0.9835000038146973,1.0,1.0,2.0,Random,"Random 2 [0.9, 0.1]",10000.0,global,48000.0,2,2
0.4,"[0.4, 0.3, 0.3]",302.0,Shapley values,0.3268499871095022,[0.32684999 0.37685    0.27940001],0.0,[0. 0. 0.],MNIST,40.0,0.8410000205039978,1.0,0.0,3.0,Random,"Random 3 [0.4, 0.3, 0.3]",10000.0,global,48000.0,3,0
0.3,"[0.4, 0.3, 0.3]",302.0,Shapley values,0.3768499990304311,[0.32684999 0.37685    0.27940001],0.0,[0. 0. 0.],MNIST,40.0,0.8410000205039978,1.0,1.0,3.0,Random,"Random 3 [0.4, 0.3, 0.3]",10000.0,global,48000.0,3,0
0.3,"[0.4, 0.3, 0.3]",302.0,Shapley values,0.27940001090367633,[0.32684999 0.37685    0.27940001],0.0,[0. 0. 0.],MNIST,40.0,0.8410000205039978,1.0,2.0,3.0,Random,"Random 3 [0.4, 0.3, 0.3]",10000.0,global,48000.0,3,0
0.4,"[0.4, 0.3, 0.3]",30.0,Independant scores raw,0.9829000234603882,[0.98290002 0.97780001 0.98009998],0.0,[0. 0. 0.],MNIST,40.0,0.8410000205039978,1.0,0.0,3.0,Random,"Random 3 [0.4, 0.3, 0.3]",10000.0,global,48000.0,3,0
0.3,"[0.4, 0.3, 0.3]",30.0,Independant scores raw,0.9778000116348267,[0.98290002 0.97780001 0.98009998],0.0,[0. 0. 0.],MNIST,40.0,0.8410000205039978,1.0,1.0,3.0,Random,"Random 3 [0.4, 0.3, 0.3]",10000.0,global,48000.0,3,0
0.3,"[0.4, 0.3, 0.3]",30.0,Independant scores raw,0.9800999760627747,[0.98290002 0.97780001 0.98009998],0.0,[0. 0. 0.],MNIST,40.0,0.8410000205039978,1.0,2.0,3.0,Random,"Random 3 [0.4, 0.3, 0.3]",10000.0,global,48000.0,3,0
0.4,"[0.4, 0.3, 0.3]",30.0,Independant scores additive,0.2810719184477068,[0.28107192 0.2796421  0.280286  ],0.0,[0. 0. 0.],MNIST,40.0,0.8410000205039978,1.0,0.0,3.0,Random,"Random 3 [0.4, 0.3, 0.3]",10000.0,global,48000.0,3,0
0.3,"[0.4, 0.3, 0.3]",30.0,Independant scores additive,0.27964209749083446,[0.28107192 0.2796421  0.280286  ],0.0,[0. 0. 0.],MNIST,40.0,0.8410000205039978,1.0,1.0,3.0,Random,"Random 3 [0.4, 0.3, 0.3]",10000.0,global,48000.0,3,0
0.3,"[0.4, 0.3, 0.3]",30.0,Independant scores additive,0.2802860045654565,[0.28107192 0.2796421  0.280286  ],0.0,[0. 0. 0.],MNIST,40.0,0.8410000205039978,1.0,2.0,3.0,Random,"Random 3 [0.4, 0.3, 0.3]",10000.0,global,48000.0,3,0
0.9,"[0.9, 0.05, 0.05]",420.0,Shapley values,0.41163333257039386,[0.41163333 0.28443333 0.28323336],0.0,[0. 0. 0.],MNIST,40.0,0.8514000177383423,1.0,0.0,3.0,Random,"Random 3 [0.9, 0.05, 0.05]",10000.0,global,48000.0,3,1
0.05,"[0.9, 0.05, 0.05]",420.0,Shapley values,0.2844333251317342,[0.41163333 0.28443333 0.28323336],0.0,[0. 0. 0.],MNIST,40.0,0.8514000177383423,1.0,1.0,3.0,Random,"Random 3 [0.9, 0.05, 0.05]",10000.0,global,48000.0,3,1
0.05,"[0.9, 0.05, 0.05]",420.0,Shapley values,0.28323336442311603,[0.41163333 0.28443333 0.28323336],0.0,[0. 0. 0.],MNIST,40.0,0.8514000177383423,1.0,2.0,3.0,Random,"Random 3 [0.9, 0.05, 0.05]",10000.0,global,48000.0,3,1
0.9,"[0.9, 0.05, 0.05]",30.0,Independant scores raw,0.9871000051498413,[0.98710001 0.92659998 0.93650001],0.0,[0. 0. 0.],MNIST,40.0,0.8514000177383423,1.0,0.0,3.0,Random,"Random 3 [0.9, 0.05, 0.05]",10000.0,global,48000.0,3,1
0.05,"[0.9, 0.05, 0.05]",30.0,Independant scores raw,0.9265999794006348,[0.98710001 0.92659998 0.93650001],0.0,[0. 0. 0.],MNIST,40.0,0.8514000177383423,1.0,1.0,3.0,Random,"Random 3 [0.9, 0.05, 0.05]",10000.0,global,48000.0,3,1
0.05,"[0.9, 0.05, 0.05]",30.0,Independant scores raw,0.9365000128746033,[0.98710001 0.92659998 0.93650001],0.0,[0. 0. 0.],MNIST,40.0,0.8514000177383423,1.0,2.0,3.0,Random,"Random 3 [0.9, 0.05, 0.05]",10000.0,global,48000.0,3,1
0.9,"[0.9, 0.05, 0.05]",30.0,Independant scores additive,0.2944031706287079,[0.29440317 0.27711986 0.27987698],0.0,[0. 0. 0.],MNIST,40.0,0.8514000177383423,1.0,0.0,3.0,Random,"Random 3 [0.9, 0.05, 0.05]",10000.0,global,48000.0,3,1
0.05,"[0.9, 0.05, 0.05]",30.0,Independant scores additive,0.2771198629564486,[0.29440317 0.27711986 0.27987698],0.0,[0. 0. 0.],MNIST,40.0,0.8514000177383423,1.0,1.0,3.0,Random,"Random 3 [0.9, 0.05, 0.05]",10000.0,global,48000.0,3,1
0.05,"[0.9, 0.05, 0.05]",30.0,Independant scores additive,0.27987698415318585,[0.29440317 0.27711986 0.27987698],0.0,[0. 0. 0.],MNIST,40.0,0.8514000177383423,1.0,2.0,3.0,Random,"Random 3 [0.9, 0.05, 0.05]",10000.0,global,48000.0,3,1
0.9,"[0.9, 0.1]",122.0,Shapley values,0.5042999982833862,[0.5043     0.48070002],0.0,[0. 0.],MNIST,40.0,0.9853000044822693,1.0,0.0,2.0,Random,"Random 2 [0.9, 0.1]",10000.0,global,48000.0,3,2
0.1,"[0.9, 0.1]",122.0,Shapley values,0.4807000160217285,[0.5043     0.48070002],0.0,[0. 0.],MNIST,40.0,0.9853000044822693,1.0,1.0,2.0,Random,"Random 2 [0.9, 0.1]",10000.0,global,48000.0,3,2
0.9,"[0.9, 0.1]",29.0,Independant scores raw,0.9848999977111816,[0.9849     0.95899999],0.0,[0. 0.],MNIST,40.0,0.9853000044822693,1.0,0.0,2.0,Random,"Random 2 [0.9, 0.1]",10000.0,global,48000.0,3,2
0.1,"[0.9, 0.1]",29.0,Independant scores raw,0.9589999914169312,[0.9849     0.95899999],0.0,[0. 0.],MNIST,40.0,0.9853000044822693,1.0,1.0,2.0,Random,"Random 2 [0.9, 0.1]",10000.0,global,48000.0,3,2
0.9,"[0.9, 0.1]",29.0,Independant scores additive,0.4990294647071343,[0.49902946 0.48627054],0.0,[0. 0.],MNIST,40.0,0.9853000044822693,1.0,0.0,2.0,Random,"Random 2 [0.9, 0.1]",10000.0,global,48000.0,3,2
0.1,"[0.9, 0.1]",29.0,Independant scores additive,0.4862705397751352,[0.49902946 0.48627054],0.0,[0. 0.],MNIST,40.0,0.9853000044822693,1.0,1.0,2.0,Random,"Random 2 [0.9, 0.1]",10000.0,global,48000.0,3,2
0.4,"[0.4, 0.3, 0.3]",172.0,Shapley values,0.2990666627883911,[0.29906666 0.22786668 0.31226668],0.0,[0. 0. 0.],MNIST,40.0,0.9679999947547913,1.0,0.0,3.0,Random,"Random 3 [0.4, 0.3, 0.3]",10000.0,global,48000.0,4,0
0.3,"[0.4, 0.3, 0.3]",172.0,Shapley values,0.22786667943000793,[0.29906666 0.22786668 0.31226668],0.0,[0. 0. 0.],MNIST,40.0,0.9679999947547913,1.0,1.0,3.0,Random,"Random 3 [0.4, 0.3, 0.3]",10000.0,global,48000.0,4,0
0.3,"[0.4, 0.3, 0.3]",172.0,Shapley values,0.31226667761802673,[0.29906666 0.22786668 0.31226668],0.0,[0. 0. 0.],MNIST,40.0,0.9679999947547913,1.0,2.0,3.0,Random,"Random 3 [0.4, 0.3, 0.3]",10000.0,global,48000.0,4,0
0.4,"[0.4, 0.3, 0.3]",30.0,Independant scores raw,0.9819999933242798,[0.98199999 0.9795     0.98110002],0.0,[0. 0. 0.],MNIST,40.0,0.9679999947547913,1.0,0.0,3.0,Random,"Random 3 [0.4, 0.3, 0.3]",10000.0,global,48000.0,4,0
0.3,"[0.4, 0.3, 0.3]",30.0,Independant scores raw,0.9794999957084656,[0.98199999 0.9795     0.98110002],0.0,[0. 0. 0.],MNIST,40.0,0.9679999947547913,1.0,1.0,3.0,Random,"Random 3 [0.4, 0.3, 0.3]",10000.0,global,48000.0,4,0
0.3,"[0.4, 0.3, 0.3]",30.0,Independant scores raw,0.9811000227928162,[0.98199999 0.9795     0.98110002],0.0,[0. 0. 0.],MNIST,40.0,0.9679999947547913,1.0,2.0,3.0,Random,"Random 3 [0.4, 0.3, 0.3]",10000.0,global,48000.0,4,0
0.4,"[0.4, 0.3, 0.3]",30.0,Independant scores additive,0.32303238505354126,[0.32303239 0.32222581 0.3227418 ],0.0,[0. 0. 0.],MNIST,40.0,0.9679999947547913,1.0,0.0,3.0,Random,"Random 3 [0.4, 0.3, 0.3]",10000.0,global,48000.0,4,0
0.3,"[0.4, 0.3, 0.3]",30.0,Independant scores additive,0.32222581349465224,[0.32303239 0.32222581 0.3227418 ],0.0,[0. 0. 0.],MNIST,40.0,0.9679999947547913,1.0,1.0,3.0,Random,"Random 3 [0.4, 0.3, 0.3]",10000.0,global,48000.0,4,0
0.3,"[0.4, 0.3, 0.3]",30.0,Independant scores additive,0.32274179620659765,[0.32303239 0.32222581 0.3227418 ],0.0,[0. 0. 0.],MNIST,40.0,0.9679999947547913,1.0,2.0,3.0,Random,"Random 3 [0.4, 0.3, 0.3]",10000.0,global,48000.0,4,0
0.9,"[0.9, 0.05, 0.05]",354.0,Shapley values,0.33160003026326496,[0.33160003 0.22574999 0.22475   ],0.0,[0. 0. 0.],MNIST,40.0,0.7560999989509583,1.0,0.0,3.0,Random,"Random 3 [0.9, 0.05, 0.05]",10000.0,global,48000.0,4,1
0.05,"[0.9, 0.05, 0.05]",354.0,Shapley values,0.22574998935063678,[0.33160003 0.22574999 0.22475   ],0.0,[0. 0. 0.],MNIST,40.0,0.7560999989509583,1.0,1.0,3.0,Random,"Random 3 [0.9, 0.05, 0.05]",10000.0,global,48000.0,4,1
0.05,"[0.9, 0.05, 0.05]",354.0,Shapley values,0.22475000222524005,[0.33160003 0.22574999 0.22475   ],0.0,[0. 0. 0.],MNIST,40.0,0.7560999989509583,1.0,2.0,3.0,Random,"Random 3 [0.9, 0.05, 0.05]",10000.0,global,48000.0,4,1
0.9,"[0.9, 0.05, 0.05]",30.0,Independant scores raw,0.9851999878883362,[0.98519999 0.93739998 0.9357    ],0.0,[0. 0. 0.],MNIST,40.0,0.7560999989509583,1.0,0.0,3.0,Random,"Random 3 [0.9, 0.05, 0.05]",10000.0,global,48000.0,4,1
0.05,"[0.9, 0.05, 0.05]",30.0,Independant scores raw,0.9373999834060669,[0.98519999 0.93739998 0.9357    ],0.0,[0. 0. 0.],MNIST,40.0,0.7560999989509583,1.0,1.0,3.0,Random,"Random 3 [0.9, 0.05, 0.05]",10000.0,global,48000.0,4,1
0.05,"[0.9, 0.05, 0.05]",30.0,Independant scores raw,0.935699999332428,[0.98519999 0.93739998 0.9357    ],0.0,[0. 0. 0.],MNIST,40.0,0.7560999989509583,1.0,2.0,3.0,Random,"Random 3 [0.9, 0.05, 0.05]",10000.0,global,48000.0,4,1
0.9,"[0.9, 0.05, 0.05]",30.0,Independant scores additive,0.26027273510798066,[0.26027274 0.24812436 0.24770291],0.0,[0. 0. 0.],MNIST,40.0,0.7560999989509583,1.0,0.0,3.0,Random,"Random 3 [0.9, 0.05, 0.05]",10000.0,global,48000.0,4,1
0.05,"[0.9, 0.05, 0.05]",30.0,Independant scores additive,0.2481243564836925,[0.26027274 0.24812436 0.24770291],0.0,[0. 0. 0.],MNIST,40.0,0.7560999989509583,1.0,1.0,3.0,Random,"Random 3 [0.9, 0.05, 0.05]",10000.0,global,48000.0,4,1
0.05,"[0.9, 0.05, 0.05]",30.0,Independant scores additive,0.24770290735928507,[0.26027274 0.24812436 0.24770291],0.0,[0. 0. 0.],MNIST,40.0,0.7560999989509583,1.0,2.0,3.0,Random,"Random 3 [0.9, 0.05, 0.05]",10000.0,global,48000.0,4,1
0.9,"[0.9, 0.1]",103.0,Shapley values,0.5045999884605408,[0.50459999 0.47820002],0.0,[0. 0.],MNIST,40.0,0.9850999712944031,1.0,0.0,2.0,Random,"Random 2 [0.9, 0.1]",10000.0,global,48000.0,4,2
0.1,"[0.9, 0.1]",103.0,Shapley values,0.4782000184059143,[0.50459999 0.47820002],0.0,[0. 0.],MNIST,40.0,0.9850999712944031,1.0,1.0,2.0,Random,"Random 2 [0.9, 0.1]",10000.0,global,48000.0,4,2
0.9,"[0.9, 0.1]",29.0,Independant scores raw,0.9871000051498413,[0.98710001 0.95789999],0.0,[0. 0.],MNIST,40.0,0.9850999712944031,1.0,0.0,2.0,Random,"Random 2 [0.9, 0.1]",10000.0,global,48000.0,4,2
0.1,"[0.9, 0.1]",29.0,Independant scores raw,0.9578999876976013,[0.98710001 0.95789999],0.0,[0. 0.],MNIST,40.0,0.9850999712944031,1.0,1.0,2.0,Random,"Random 2 [0.9, 0.1]",10000.0,global,48000.0,4,2
0.9,"[0.9, 0.1]",29.0,Independant scores additive,0.4997407088175003,[0.49974071 0.48535926],0.0,[0. 0.],MNIST,40.0,0.9850999712944031,1.0,0.0,2.0,Random,"Random 2 [0.9, 0.1]",10000.0,global,48000.0,4,2
0.1,"[0.9, 0.1]",29.0,Independant scores additive,0.4853592624769027,[0.49974071 0.48535926],0.0,[0. 0.],MNIST,40.0,0.9850999712944031,1.0,1.0,2.0,Random,"Random 2 [0.9, 0.1]",10000.0,global,48000.0,4,2
0.4,"[0.4, 0.3, 0.3]",243.0,Shapley values,0.34608332316080725,[0.34608332 0.24878333 0.25203333],0.0,[0. 0. 0.],MNIST,40.0,0.8429999947547913,1.0,0.0,3.0,Random,"Random 3 [0.4, 0.3, 0.3]",10000.0,global,48000.0,5,0
0.3,"[0.4, 0.3, 0.3]",243.0,Shapley values,0.2487833301226298,[0.34608332 0.24878333 0.25203333],0.0,[0. 0. 0.],MNIST,40.0,0.8429999947547913,1.0,1.0,3.0,Random,"Random 3 [0.4, 0.3, 0.3]",10000.0,global,48000.0,5,0
0.3,"[0.4, 0.3, 0.3]",243.0,Shapley values,0.25203333298365277,[0.34608332 0.24878333 0.25203333],0.0,[0. 0. 0.],MNIST,40.0,0.8429999947547913,1.0,2.0,3.0,Random,"Random 3 [0.4, 0.3, 0.3]",10000.0,global,48000.0,5,0
0.4,"[0.4, 0.3, 0.3]",30.0,Independant scores raw,0.9801999926567078,[0.98019999 0.98009998 0.98119998],0.0,[0. 0. 0.],MNIST,40.0,0.8429999947547913,1.0,0.0,3.0,Random,"Random 3 [0.4, 0.3, 0.3]",10000.0,global,48000.0,5,0
0.3,"[0.4, 0.3, 0.3]",30.0,Independant scores raw,0.9800999760627747,[0.98019999 0.98009998 0.98119998],0.0,[0. 0. 0.],MNIST,40.0,0.8429999947547913,1.0,1.0,3.0,Random,"Random 3 [0.4, 0.3, 0.3]",10000.0,global,48000.0,5,0
0.3,"[0.4, 0.3, 0.3]",30.0,Independant scores raw,0.9811999797821045,[0.98019999 0.98009998 0.98119998],0.0,[0. 0. 0.],MNIST,40.0,0.8429999947547913,1.0,2.0,3.0,Random,"Random 3 [0.4, 0.3, 0.3]",10000.0,global,48000.0,5,0
0.4,"[0.4, 0.3, 0.3]",30.0,Independant scores additive,0.2809156790052702,[0.28091568 0.28088758 0.28119673],0.0,[0. 0. 0.],MNIST,40.0,0.8429999947547913,1.0,0.0,3.0,Random,"Random 3 [0.4, 0.3, 0.3]",10000.0,global,48000.0,5,0
0.3,"[0.4, 0.3, 0.3]",30.0,Independant scores additive,0.28088758418087145,[0.28091568 0.28088758 0.28119673],0.0,[0. 0. 0.],MNIST,40.0,0.8429999947547913,1.0,1.0,3.0,Random,"Random 3 [0.4, 0.3, 0.3]",10000.0,global,48000.0,5,0
0.3,"[0.4, 0.3, 0.3]",30.0,Independant scores additive,0.2811967315686496,[0.28091568 0.28088758 0.28119673],0.0,[0. 0. 0.],MNIST,40.0,0.8429999947547913,1.0,2.0,3.0,Random,"Random 3 [0.4, 0.3, 0.3]",10000.0,global,48000.0,5,0
0.9,"[0.9, 0.05, 0.05]",296.0,Shapley values,0.3497333327929179,[0.34973333 0.20853333 0.20653335],0.0,[0. 0. 0.],MNIST,40.0,0.7953000068664551,1.0,0.0,3.0,Random,"Random 3 [0.9, 0.05, 0.05]",10000.0,global,48000.0,5,1
0.05,"[0.9, 0.05, 0.05]",296.0,Shapley values,0.20853332678476966,[0.34973333 0.20853333 0.20653335],0.0,[0. 0. 0.],MNIST,40.0,0.7953000068664551,1.0,1.0,3.0,Random,"Random 3 [0.9, 0.05, 0.05]",10000.0,global,48000.0,5,1
0.05,"[0.9, 0.05, 0.05]",296.0,Shapley values,0.20653335253397623,[0.34973333 0.20853333 0.20653335],0.0,[0. 0. 0.],MNIST,40.0,0.7953000068664551,1.0,2.0,3.0,Random,"Random 3 [0.9, 0.05, 0.05]",10000.0,global,48000.0,5,1
0.9,"[0.9, 0.05, 0.05]",30.0,Independant scores raw,0.987500011920929,[0.98750001 0.93239999 0.93419999],0.0,[0. 0. 0.],MNIST,40.0,0.7953000068664551,1.0,0.0,3.0,Random,"Random 3 [0.9, 0.05, 0.05]",10000.0,global,48000.0,5,1
0.05,"[0.9, 0.05, 0.05]",30.0,Independant scores raw,0.9323999881744385,[0.98750001 0.93239999 0.93419999],0.0,[0. 0. 0.],MNIST,40.0,0.7953000068664551,1.0,1.0,3.0,Random,"Random 3 [0.9, 0.05, 0.05]",10000.0,global,48000.0,5,1
0.05,"[0.9, 0.05, 0.05]",30.0,Independant scores raw,0.9341999888420105,[0.98750001 0.93239999 0.93419999],0.0,[0. 0. 0.],MNIST,40.0,0.7953000068664551,1.0,2.0,3.0,Random,"Random 3 [0.9, 0.05, 0.05]",10000.0,global,48000.0,5,1
0.9,"[0.9, 0.05, 0.05]",30.0,Independant scores additive,0.2747638118133994,[0.27476381 0.26003386 0.26050234],0.0,[0. 0. 0.],MNIST,40.0,0.7953000068664551,1.0,0.0,3.0,Random,"Random 3 [0.9, 0.05, 0.05]",10000.0,global,48000.0,5,1
0.05,"[0.9, 0.05, 0.05]",30.0,Independant scores additive,0.2600338562151253,[0.27476381 0.26003386 0.26050234],0.0,[0. 0. 0.],MNIST,40.0,0.7953000068664551,1.0,1.0,3.0,Random,"Random 3 [0.9, 0.05, 0.05]",10000.0,global,48000.0,5,1
0.05,"[0.9, 0.05, 0.05]",30.0,Independant scores additive,0.26050233883793034,[0.27476381 0.26003386 0.26050234],0.0,[0. 0. 0.],MNIST,40.0,0.7953000068664551,1.0,2.0,3.0,Random,"Random 3 [0.9, 0.05, 0.05]",10000.0,global,48000.0,5,1
0.9,"[0.9, 0.1]",115.0,Shapley values,0.5046499967575073,[0.50465    0.47864997],0.0,[0. 0.],MNIST,40.0,0.9857000112533569,1.0,0.0,2.0,Random,"Random 2 [0.9, 0.1]",10000.0,global,48000.0,5,2
0.1,"[0.9, 0.1]",115.0,Shapley values,0.47864997386932373,[0.50465    0.47864997],0.0,[0. 0.],MNIST,40.0,0.9857000112533569,1.0,1.0,2.0,Random,"Random 2 [0.9, 0.1]",10000.0,global,48000.0,5,2
0.9,"[0.9, 0.1]",29.0,Independant scores raw,0.9864000082015991,[0.98640001 0.9576    ],0.0,[0. 0.],MNIST,40.0,0.9857000112533569,1.0,0.0,2.0,Random,"Random 2 [0.9, 0.1]",10000.0,global,48000.0,5,2
0.1,"[0.9, 0.1]",29.0,Independant scores raw,0.9575999975204468,[0.98640001 0.9576    ],0.0,[0. 0.],MNIST,40.0,0.9857000112533569,1.0,1.0,2.0,Random,"Random 2 [0.9, 0.1]",10000.0,global,48000.0,5,2
0.9,"[0.9, 0.1]",29.0,Independant scores additive,0.4999465578325341,[0.49994656 0.48575345],0.0,[0. 0.],MNIST,40.0,0.9857000112533569,1.0,0.0,2.0,Random,"Random 2 [0.9, 0.1]",10000.0,global,48000.0,5,2
0.1,"[0.9, 0.1]",29.0,Independant scores additive,0.4857534534208229,[0.49994656 0.48575345],0.0,[0. 0.],MNIST,40.0,0.9857000112533569,1.0,1.0,2.0,Random,"Random 2 [0.9, 0.1]",10000.0,global,48000.0,5,2
0.4,"[0.4, 0.3, 0.3]",230.0,Shapley values,0.3350833257039388,[0.33508333 0.32868334 0.28453334],0.0,[0. 0. 0.],MNIST,40.0,0.8202000260353088,1.0,0.0,3.0,Random,"Random 3 [0.4, 0.3, 0.3]",10000.0,global,48000.0,6,0
0.3,"[0.4, 0.3, 0.3]",230.0,Shapley values,0.32868333657582605,[0.33508333 0.32868334 0.28453334],0.0,[0. 0. 0.],MNIST,40.0,0.8202000260353088,1.0,1.0,3.0,Random,"Random 3 [0.4, 0.3, 0.3]",10000.0,global,48000.0,6,0
0.3,"[0.4, 0.3, 0.3]",230.0,Shapley values,0.2845333417256673,[0.33508333 0.32868334 0.28453334],0.0,[0. 0. 0.],MNIST,40.0,0.8202000260353088,1.0,2.0,3.0,Random,"Random 3 [0.4, 0.3, 0.3]",10000.0,global,48000.0,6,0
0.4,"[0.4, 0.3, 0.3]",31.0,Independant scores raw,0.9812999963760376,[0.9813     0.98100001 0.98009998],0.0,[0. 0. 0.],MNIST,40.0,0.8202000260353088,1.0,0.0,3.0,Random,"Random 3 [0.4, 0.3, 0.3]",10000.0,global,48000.0,6,0
0.3,"[0.4, 0.3, 0.3]",31.0,Independant scores raw,0.9810000061988831,[0.9813     0.98100001 0.98009998],0.0,[0. 0. 0.],MNIST,40.0,0.8202000260353088,1.0,1.0,3.0,Random,"Random 3 [0.4, 0.3, 0.3]",10000.0,global,48000.0,6,0
0.3,"[0.4, 0.3, 0.3]",31.0,Independant scores raw,0.9800999760627747,[0.9813     0.98100001 0.98009998],0.0,[0. 0. 0.],MNIST,40.0,0.8202000260353088,1.0,2.0,3.0,Random,"Random 3 [0.4, 0.3, 0.3]",10000.0,global,48000.0,6,0
0.4,"[0.4, 0.3, 0.3]",31.0,Independant scores additive,0.2735367082619208,[0.27353671 0.27345466 0.27320866],0.0,[0. 0. 0.],MNIST,40.0,0.8202000260353088,1.0,0.0,3.0,Random,"Random 3 [0.4, 0.3, 0.3]",10000.0,global,48000.0,6,0
0.3,"[0.4, 0.3, 0.3]",31.0,Independant scores additive,0.2734546622434661,[0.27353671 0.27345466 0.27320866],0.0,[0. 0. 0.],MNIST,40.0,0.8202000260353088,1.0,1.0,3.0,Random,"Random 3 [0.4, 0.3, 0.3]",10000.0,global,48000.0,6,0
0.3,"[0.4, 0.3, 0.3]",31.0,Independant scores additive,0.27320865552992213,[0.27353671 0.27345466 0.27320866],0.0,[0. 0. 0.],MNIST,40.0,0.8202000260353088,1.0,2.0,3.0,Random,"Random 3 [0.4, 0.3, 0.3]",10000.0,global,48000.0,6,0
0.9,"[0.9, 0.05, 0.05]",341.0,Shapley values,0.33398333191871643,[0.33398333 0.23348331 0.23273334],0.0,[0. 0. 0.],MNIST,40.0,0.978600025177002,1.0,0.0,3.0,Random,"Random 3 [0.9, 0.05, 0.05]",10000.0,global,48000.0,6,1
0.05,"[0.9, 0.05, 0.05]",341.0,Shapley values,0.23348331451416016,[0.33398333 0.23348331 0.23273334],0.0,[0. 0. 0.],MNIST,40.0,0.978600025177002,1.0,1.0,3.0,Random,"Random 3 [0.9, 0.05, 0.05]",10000.0,global,48000.0,6,1
0.05,"[0.9, 0.05, 0.05]",341.0,Shapley values,0.23273333907127383,[0.33398333 0.23348331 0.23273334],0.0,[0. 0. 0.],MNIST,40.0,0.978600025177002,1.0,2.0,3.0,Random,"Random 3 [0.9, 0.05, 0.05]",10000.0,global,48000.0,6,1
0.9,"[0.9, 0.05, 0.05]",30.0,Independant scores raw,0.9865999817848206,[0.98659998 0.94160002 0.93169999],0.0,[0. 0. 0.],MNIST,40.0,0.978600025177002,1.0,0.0,3.0,Random,"Random 3 [0.9, 0.05, 0.05]",10000.0,global,48000.0,6,1
0.05,"[0.9, 0.05, 0.05]",30.0,Independant scores raw,0.9416000247001648,[0.98659998 0.94160002 0.93169999],0.0,[0. 0. 0.],MNIST,40.0,0.978600025177002,1.0,1.0,3.0,Random,"Random 3 [0.9, 0.05, 0.05]",10000.0,global,48000.0,6,1
0.05,"[0.9, 0.05, 0.05]",30.0,Independant scores raw,0.9316999912261963,[0.98659998 0.94160002 0.93169999],0.0,[0. 0. 0.],MNIST,40.0,0.978600025177002,1.0,2.0,3.0,Random,"Random 3 [0.9, 0.05, 0.05]",10000.0,global,48000.0,6,1
0.9,"[0.9, 0.05, 0.05]",30.0,Independant scores additive,0.33714864856546306,[0.33714865 0.32231327 0.3191381 ],0.0,[0. 0. 0.],MNIST,40.0,0.978600025177002,1.0,0.0,3.0,Random,"Random 3 [0.9, 0.05, 0.05]",10000.0,global,48000.0,6,1
0.05,"[0.9, 0.05, 0.05]",30.0,Independant scores additive,0.32231327286420025,[0.33714865 0.32231327 0.3191381 ],0.0,[0. 0. 0.],MNIST,40.0,0.978600025177002,1.0,1.0,3.0,Random,"Random 3 [0.9, 0.05, 0.05]",10000.0,global,48000.0,6,1
0.05,"[0.9, 0.05, 0.05]",30.0,Independant scores additive,0.31913810374733825,[0.33714865 0.32231327 0.3191381 ],0.0,[0. 0. 0.],MNIST,40.0,0.978600025177002,1.0,2.0,3.0,Random,"Random 3 [0.9, 0.05, 0.05]",10000.0,global,48000.0,6,1
0.9,"[0.9, 0.1]",123.0,Shapley values,0.5060000121593475,[0.50600001 0.47929999],0.0,[0. 0.],MNIST,40.0,0.9829000234603882,1.0,0.0,2.0,Random,"Random 2 [0.9, 0.1]",10000.0,global,48000.0,6,2
0.1,"[0.9, 0.1]",123.0,Shapley values,0.47929999232292175,[0.50600001 0.47929999],0.0,[0. 0.],MNIST,40.0,0.9829000234603882,1.0,1.0,2.0,Random,"Random 2 [0.9, 0.1]",10000.0,global,48000.0,6,2
0.9,"[0.9, 0.1]",29.0,Independant scores raw,0.9866999983787537,[0.9867     0.96210003],0.0,[0. 0.],MNIST,40.0,0.9829000234603882,1.0,0.0,2.0,Random,"Random 2 [0.9, 0.1]",10000.0,global,48000.0,6,2
0.1,"[0.9, 0.1]",29.0,Independant scores raw,0.9621000289916992,[0.9867     0.96210003],0.0,[0. 0.],MNIST,40.0,0.9829000234603882,1.0,1.0,2.0,Random,"Random 2 [0.9, 0.1]",10000.0,global,48000.0,6,2
0.9,"[0.9, 0.1]",29.0,Independant scores additive,0.4974945345306575,[0.49749453 0.48540549],0.0,[0. 0.],MNIST,40.0,0.9829000234603882,1.0,0.0,2.0,Random,"Random 2 [0.9, 0.1]",10000.0,global,48000.0,6,2
0.1,"[0.9, 0.1]",29.0,Independant scores additive,0.4854054889297307,[0.49749453 0.48540549],0.0,[0. 0.],MNIST,40.0,0.9829000234603882,1.0,1.0,2.0,Random,"Random 2 [0.9, 0.1]",10000.0,global,48000.0,6,2
0.4,"[0.4, 0.3, 0.3]",170.0,Shapley values,0.31193333864212036,[0.31193334 0.22543335 0.29953331],0.0,[0. 0. 0.],MNIST,40.0,0.8489000201225281,1.0,0.0,3.0,Random,"Random 3 [0.4, 0.3, 0.3]",10000.0,global,48000.0,7,0
0.3,"[0.4, 0.3, 0.3]",170.0,Shapley values,0.225433349609375,[0.31193334 0.22543335 0.29953331],0.0,[0. 0. 0.],MNIST,40.0,0.8489000201225281,1.0,1.0,3.0,Random,"Random 3 [0.4, 0.3, 0.3]",10000.0,global,48000.0,7,0
0.3,"[0.4, 0.3, 0.3]",170.0,Shapley values,0.29953330755233765,[0.31193334 0.22543335 0.29953331],0.0,[0. 0. 0.],MNIST,40.0,0.8489000201225281,1.0,2.0,3.0,Random,"Random 3 [0.4, 0.3, 0.3]",10000.0,global,48000.0,7,0
0.4,"[0.4, 0.3, 0.3]",31.0,Independant scores raw,0.9807999730110168,[0.98079997 0.97869998 0.9813    ],0.0,[0. 0. 0.],MNIST,40.0,0.8489000201225281,1.0,0.0,3.0,Random,"Random 3 [0.4, 0.3, 0.3]",10000.0,global,48000.0,7,0
0.3,"[0.4, 0.3, 0.3]",31.0,Independant scores raw,0.9786999821662903,[0.98079997 0.97869998 0.9813    ],0.0,[0. 0. 0.],MNIST,40.0,0.8489000201225281,1.0,1.0,3.0,Random,"Random 3 [0.4, 0.3, 0.3]",10000.0,global,48000.0,7,0
0.3,"[0.4, 0.3, 0.3]",31.0,Independant scores raw,0.9812999963760376,[0.98079997 0.97869998 0.9813    ],0.0,[0. 0. 0.],MNIST,40.0,0.8489000201225281,1.0,2.0,3.0,Random,"Random 3 [0.4, 0.3, 0.3]",10000.0,global,48000.0,7,0
0.4,"[0.4, 0.3, 0.3]",31.0,Independant scores additive,0.28311744653308674,[0.28311745 0.28252353 0.28325905],0.0,[0. 0. 0.],MNIST,40.0,0.8489000201225281,1.0,0.0,3.0,Random,"Random 3 [0.4, 0.3, 0.3]",10000.0,global,48000.0,7,0
0.3,"[0.4, 0.3, 0.3]",31.0,Independant scores additive,0.2825235263191545,[0.28311745 0.28252353 0.28325905],0.0,[0. 0. 0.],MNIST,40.0,0.8489000201225281,1.0,1.0,3.0,Random,"Random 3 [0.4, 0.3, 0.3]",10000.0,global,48000.0,7,0
0.3,"[0.4, 0.3, 0.3]",31.0,Independant scores additive,0.28325904727028656,[0.28311745 0.28252353 0.28325905],0.0,[0. 0. 0.],MNIST,40.0,0.8489000201225281,1.0,2.0,3.0,Random,"Random 3 [0.4, 0.3, 0.3]",10000.0,global,48000.0,7,0
0.9,"[0.9, 0.05, 0.05]",400.0,Shapley values,0.43073334296544397,[0.43073334 0.27418332 0.27348333],0.0,[0. 0. 0.],MNIST,40.0,0.8277000188827515,1.0,0.0,3.0,Random,"Random 3 [0.9, 0.05, 0.05]",10000.0,global,48000.0,7,1
0.05,"[0.9, 0.05, 0.05]",400.0,Shapley values,0.274183322985967,[0.43073334 0.27418332 0.27348333],0.0,[0. 0. 0.],MNIST,40.0,0.8277000188827515,1.0,1.0,3.0,Random,"Random 3 [0.9, 0.05, 0.05]",10000.0,global,48000.0,7,1
0.05,"[0.9, 0.05, 0.05]",400.0,Shapley values,0.2734833260377248,[0.43073334 0.27418332 0.27348333],0.0,[0. 0. 0.],MNIST,40.0,0.8277000188827515,1.0,2.0,3.0,Random,"Random 3 [0.9, 0.05, 0.05]",10000.0,global,48000.0,7,1
0.9,"[0.9, 0.05, 0.05]",30.0,Independant scores raw,0.9857000112533569,[0.98570001 0.94190001 0.9368    ],0.0,[0. 0. 0.],MNIST,40.0,0.8277000188827515,1.0,0.0,3.0,Random,"Random 3 [0.9, 0.05, 0.05]",10000.0,global,48000.0,7,1
0.05,"[0.9, 0.05, 0.05]",30.0,Independant scores raw,0.9419000148773193,[0.98570001 0.94190001 0.9368    ],0.0,[0. 0. 0.],MNIST,40.0,0.8277000188827515,1.0,1.0,3.0,Random,"Random 3 [0.9, 0.05, 0.05]",10000.0,global,48000.0,7,1
0.05,"[0.9, 0.05, 0.05]",30.0,Independant scores raw,0.9368000030517578,[0.98570001 0.94190001 0.9368    ],0.0,[0. 0. 0.],MNIST,40.0,0.8277000188827515,1.0,2.0,3.0,Random,"Random 3 [0.9, 0.05, 0.05]",10000.0,global,48000.0,7,1
0.9,"[0.9, 0.05, 0.05]",30.0,Independant scores additive,0.2844895308351141,[0.28448953 0.27229784 0.27091265],0.0,[0. 0. 0.],MNIST,40.0,0.8277000188827515,1.0,0.0,3.0,Random,"Random 3 [0.9, 0.05, 0.05]",10000.0,global,48000.0,7,1
0.05,"[0.9, 0.05, 0.05]",30.0,Independant scores additive,0.272297837500819,[0.28448953 0.27229784 0.27091265],0.0,[0. 0. 0.],MNIST,40.0,0.8277000188827515,1.0,1.0,3.0,Random,"Random 3 [0.9, 0.05, 0.05]",10000.0,global,48000.0,7,1
0.05,"[0.9, 0.05, 0.05]",30.0,Independant scores additive,0.27091265054681835,[0.28448953 0.27229784 0.27091265],0.0,[0. 0. 0.],MNIST,40.0,0.8277000188827515,1.0,2.0,3.0,Random,"Random 3 [0.9, 0.05, 0.05]",10000.0,global,48000.0,7,1
0.9,"[0.9, 0.1]",121.0,Shapley values,0.5072999894618988,[0.50729999 0.47749999],0.0,[0. 0.],MNIST,40.0,0.984000027179718,1.0,0.0,2.0,Random,"Random 2 [0.9, 0.1]",10000.0,global,48000.0,7,2
0.1,"[0.9, 0.1]",121.0,Shapley values,0.47749999165534973,[0.50729999 0.47749999],0.0,[0. 0.],MNIST,40.0,0.984000027179718,1.0,1.0,2.0,Random,"Random 2 [0.9, 0.1]",10000.0,global,48000.0,7,2
0.9,"[0.9, 0.1]",29.0,Independant scores raw,0.9865000247955322,[0.98650002 0.9587    ],0.0,[0. 0.],MNIST,40.0,0.984000027179718,1.0,0.0,2.0,Random,"Random 2 [0.9, 0.1]",10000.0,global,48000.0,7,2
0.1,"[0.9, 0.1]",29.0,Independant scores raw,0.9587000012397766,[0.98650002 0.9587    ],0.0,[0. 0.],MNIST,40.0,0.984000027179718,1.0,1.0,2.0,Random,"Random 2 [0.9, 0.1]",10000.0,global,48000.0,7,2
0.9,"[0.9, 0.1]",29.0,Independant scores additive,0.49883837916486284,[0.49883838 0.48516165],0.0,[0. 0.],MNIST,40.0,0.984000027179718,1.0,0.0,2.0,Random,"Random 2 [0.9, 0.1]",10000.0,global,48000.0,7,2
0.1,"[0.9, 0.1]",29.0,Independant scores additive,0.4851616480148551,[0.49883838 0.48516165],0.0,[0. 0.],MNIST,40.0,0.984000027179718,1.0,1.0,2.0,Random,"Random 2 [0.9, 0.1]",10000.0,global,48000.0,7,2
0.4,"[0.4, 0.3, 0.3]",246.0,Shapley values,0.3075499931971232,[0.30754999 0.2636     0.26354999],0.0,[0. 0. 0.],MNIST,40.0,0.8371999859809875,1.0,0.0,3.0,Random,"Random 3 [0.4, 0.3, 0.3]",10000.0,global,48000.0,8,0
0.3,"[0.4, 0.3, 0.3]",246.0,Shapley values,0.2636000017325083,[0.30754999 0.2636     0.26354999],0.0,[0. 0. 0.],MNIST,40.0,0.8371999859809875,1.0,1.0,3.0,Random,"Random 3 [0.4, 0.3, 0.3]",10000.0,global,48000.0,8,0
0.3,"[0.4, 0.3, 0.3]",246.0,Shapley values,0.26354999343554175,[0.30754999 0.2636     0.26354999],0.0,[0. 0. 0.],MNIST,40.0,0.8371999859809875,1.0,2.0,3.0,Random,"Random 3 [0.4, 0.3, 0.3]",10000.0,global,48000.0,8,0
0.4,"[0.4, 0.3, 0.3]",31.0,Independant scores raw,0.9829000234603882,[0.98290002 0.97829998 0.98079997],0.0,[0. 0. 0.],MNIST,40.0,0.8371999859809875,1.0,0.0,3.0,Random,"Random 3 [0.4, 0.3, 0.3]",10000.0,global,48000.0,8,0
0.3,"[0.4, 0.3, 0.3]",31.0,Independant scores raw,0.9782999753952026,[0.98290002 0.97829998 0.98079997],0.0,[0. 0. 0.],MNIST,40.0,0.8371999859809875,1.0,1.0,3.0,Random,"Random 3 [0.4, 0.3, 0.3]",10000.0,global,48000.0,8,0
0.3,"[0.4, 0.3, 0.3]",31.0,Independant scores raw,0.9807999730110168,[0.98290002 0.97829998 0.98079997],0.0,[0. 0. 0.],MNIST,40.0,0.8371999859809875,1.0,2.0,3.0,Random,"Random 3 [0.4, 0.3, 0.3]",10000.0,global,48000.0,8,0
0.4,"[0.4, 0.3, 0.3]",31.0,Independant scores additive,0.27969012212895733,[0.27969012 0.27840649 0.27910338],0.0,[0. 0. 0.],MNIST,40.0,0.8371999859809875,1.0,0.0,3.0,Random,"Random 3 [0.4, 0.3, 0.3]",10000.0,global,48000.0,8,0
0.3,"[0.4, 0.3, 0.3]",31.0,Independant scores additive,0.2784064887748899,[0.27969012 0.27840649 0.27910338],0.0,[0. 0. 0.],MNIST,40.0,0.8371999859809875,1.0,1.0,3.0,Random,"Random 3 [0.4, 0.3, 0.3]",10000.0,global,48000.0,8,0
0.3,"[0.4, 0.3, 0.3]",31.0,Independant scores additive,0.2791033750771405,[0.27969012 0.27840649 0.27910338],0.0,[0. 0. 0.],MNIST,40.0,0.8371999859809875,1.0,2.0,3.0,Random,"Random 3 [0.4, 0.3, 0.3]",10000.0,global,48000.0,8,0
0.9,"[0.9, 0.05, 0.05]",292.0,Shapley values,0.37728331486384076,[0.37728331 0.22093333 0.22068335],0.0,[0. 0. 0.],MNIST,40.0,0.8162000179290771,1.0,0.0,3.0,Random,"Random 3 [0.9, 0.05, 0.05]",10000.0,global,48000.0,8,1
0.05,"[0.9, 0.05, 0.05]",292.0,Shapley values,0.22093332807223,[0.37728331 0.22093333 0.22068335],0.0,[0. 0. 0.],MNIST,40.0,0.8162000179290771,1.0,1.0,3.0,Random,"Random 3 [0.9, 0.05, 0.05]",10000.0,global,48000.0,8,1
0.05,"[0.9, 0.05, 0.05]",292.0,Shapley values,0.22068334619204202,[0.37728331 0.22093333 0.22068335],0.0,[0. 0. 0.],MNIST,40.0,0.8162000179290771,1.0,2.0,3.0,Random,"Random 3 [0.9, 0.05, 0.05]",10000.0,global,48000.0,8,1
0.9,"[0.9, 0.05, 0.05]",30.0,Independant scores raw,0.9868000149726868,[0.98680001 0.94050002 0.92979997],0.0,[0. 0. 0.],MNIST,40.0,0.8162000179290771,1.0,0.0,3.0,Random,"Random 3 [0.9, 0.05, 0.05]",10000.0,global,48000.0,8,1
0.05,"[0.9, 0.05, 0.05]",30.0,Independant scores raw,0.940500020980835,[0.98680001 0.94050002 0.92979997],0.0,[0. 0. 0.],MNIST,40.0,0.8162000179290771,1.0,1.0,3.0,Random,"Random 3 [0.9, 0.05, 0.05]",10000.0,global,48000.0,8,1
0.05,"[0.9, 0.05, 0.05]",30.0,Independant scores raw,0.9297999739646912,[0.98680001 0.94050002 0.92979997],0.0,[0. 0. 0.],MNIST,40.0,0.8162000179290771,1.0,2.0,3.0,Random,"Random 3 [0.9, 0.05, 0.05]",10000.0,global,48000.0,8,1
0.9,"[0.9, 0.05, 0.05]",30.0,Independant scores additive,0.281511425159917,[0.28151143 0.26877458 0.26591401],0.0,[0. 0. 0.],MNIST,40.0,0.8162000179290771,1.0,0.0,3.0,Random,"Random 3 [0.9, 0.05, 0.05]",10000.0,global,48000.0,8,1
0.05,"[0.9, 0.05, 0.05]",30.0,Independant scores additive,0.2687745810087853,[0.28151143 0.26877458 0.26591401],0.0,[0. 0. 0.],MNIST,40.0,0.8162000179290771,1.0,1.0,3.0,Random,"Random 3 [0.9, 0.05, 0.05]",10000.0,global,48000.0,8,1
0.05,"[0.9, 0.05, 0.05]",30.0,Independant scores additive,0.2659140117603746,[0.28151143 0.26877458 0.26591401],0.0,[0. 0. 0.],MNIST,40.0,0.8162000179290771,1.0,2.0,3.0,Random,"Random 3 [0.9, 0.05, 0.05]",10000.0,global,48000.0,8,1
0.9,"[0.9, 0.1]",93.0,Shapley values,0.5027500092983246,[0.50275001 0.47204998],0.0,[0. 0.],MNIST,40.0,0.9828000068664551,1.0,0.0,2.0,Random,"Random 2 [0.9, 0.1]",10000.0,global,48000.0,8,2
0.1,"[0.9, 0.1]",93.0,Shapley values,0.4720499813556671,[0.50275001 0.47204998],0.0,[0. 0.],MNIST,40.0,0.9828000068664551,1.0,1.0,2.0,Random,"Random 2 [0.9, 0.1]",10000.0,global,48000.0,8,2
0.9,"[0.9, 0.1]",29.0,Independant scores raw,0.9864000082015991,[0.98640001 0.9562    ],0.0,[0. 0.],MNIST,40.0,0.9828000068664551,1.0,0.0,2.0,Random,"Random 2 [0.9, 0.1]",10000.0,global,48000.0,8,2
0.1,"[0.9, 0.1]",29.0,Independant scores raw,0.9562000036239624,[0.98640001 0.9562    ],0.0,[0. 0.],MNIST,40.0,0.9828000068664551,1.0,1.0,2.0,Random,"Random 2 [0.9, 0.1]",10000.0,global,48000.0,8,2
0.9,"[0.9, 0.1]",29.0,Independant scores additive,0.4988195807055907,[0.49881958 0.48398043],0.0,[0. 0.],MNIST,40.0,0.9828000068664551,1.0,0.0,2.0,Random,"Random 2 [0.9, 0.1]",10000.0,global,48000.0,8,2
0.1,"[0.9, 0.1]",29.0,Independant scores additive,0.4839804261608644,[0.49881958 0.48398043],0.0,[0. 0.],MNIST,40.0,0.9828000068664551,1.0,1.0,2.0,Random,"Random 2 [0.9, 0.1]",10000.0,global,48000.0,8,2
0.4,"[0.4, 0.3, 0.3]",253.0,Shapley values,0.2933166523774465,[0.29331665 0.27521666 0.27866667],0.0,[0. 0. 0.],MNIST,40.0,0.8001999855041504,1.0,0.0,3.0,Random,"Random 3 [0.4, 0.3, 0.3]",10000.0,global,48000.0,9,0
0.3,"[0.4, 0.3, 0.3]",253.0,Shapley values,0.2752166589101156,[0.29331665 0.27521666 0.27866667],0.0,[0. 0. 0.],MNIST,40.0,0.8001999855041504,1.0,1.0,3.0,Random,"Random 3 [0.4, 0.3, 0.3]",10000.0,global,48000.0,9,0
0.3,"[0.4, 0.3, 0.3]",253.0,Shapley values,0.27866666515668237,[0.29331665 0.27521666 0.27866667],0.0,[0. 0. 0.],MNIST,40.0,0.8001999855041504,1.0,2.0,3.0,Random,"Random 3 [0.4, 0.3, 0.3]",10000.0,global,48000.0,9,0
0.4,"[0.4, 0.3, 0.3]",30.0,Independant scores raw,0.9810000061988831,[0.98100001 0.97939998 0.97920001],0.0,[0. 0. 0.],MNIST,40.0,0.8001999855041504,1.0,0.0,3.0,Random,"Random 3 [0.4, 0.3, 0.3]",10000.0,global,48000.0,9,0
0.3,"[0.4, 0.3, 0.3]",30.0,Independant scores raw,0.9793999791145325,[0.98100001 0.97939998 0.97920001],0.0,[0. 0. 0.],MNIST,40.0,0.8001999855041504,1.0,1.0,3.0,Random,"Random 3 [0.4, 0.3, 0.3]",10000.0,global,48000.0,9,0
0.3,"[0.4, 0.3, 0.3]",30.0,Independant scores raw,0.979200005531311,[0.98100001 0.97939998 0.97920001],0.0,[0. 0. 0.],MNIST,40.0,0.8001999855041504,1.0,2.0,3.0,Random,"Random 3 [0.4, 0.3, 0.3]",10000.0,global,48000.0,9,0
0.4,"[0.4, 0.3, 0.3]",30.0,Independant scores additive,0.2670357134556224,[0.26703571 0.26660879 0.26655548],0.0,[0. 0. 0.],MNIST,40.0,0.8001999855041504,1.0,0.0,3.0,Random,"Random 3 [0.4, 0.3, 0.3]",10000.0,global,48000.0,9,0
0.3,"[0.4, 0.3, 0.3]",30.0,Independant scores additive,0.2666087907166571,[0.26703571 0.26660879 0.26655548],0.0,[0. 0. 0.],MNIST,40.0,0.8001999855041504,1.0,1.0,3.0,Random,"Random 3 [0.4, 0.3, 0.3]",10000.0,global,48000.0,9,0
0.3,"[0.4, 0.3, 0.3]",30.0,Independant scores additive,0.2665554813318711,[0.26703571 0.26660879 0.26655548],0.0,[0. 0. 0.],MNIST,40.0,0.8001999855041504,1.0,2.0,3.0,Random,"Random 3 [0.4, 0.3, 0.3]",10000.0,global,48000.0,9,0
0.9,"[0.9, 0.05, 0.05]",313.0,Shapley values,0.3280166784922282,[0.32801668 0.20731665 0.20636667],0.0,[0. 0. 0.],MNIST,40.0,0.9785000085830688,1.0,0.0,3.0,Random,"Random 3 [0.9, 0.05, 0.05]",10000.0,global,48000.0,9,1
0.05,"[0.9, 0.05, 0.05]",313.0,Shapley values,0.20731664697329205,[0.32801668 0.20731665 0.20636667],0.0,[0. 0. 0.],MNIST,40.0,0.9785000085830688,1.0,1.0,3.0,Random,"Random 3 [0.9, 0.05, 0.05]",10000.0,global,48000.0,9,1
0.05,"[0.9, 0.05, 0.05]",313.0,Shapley values,0.20636666814486188,[0.32801668 0.20731665 0.20636667],0.0,[0. 0. 0.],MNIST,40.0,0.9785000085830688,1.0,2.0,3.0,Random,"Random 3 [0.9, 0.05, 0.05]",10000.0,global,48000.0,9,1
0.9,"[0.9, 0.05, 0.05]",30.0,Independant scores raw,0.9864000082015991,[0.98640001 0.9368     0.93409997],0.0,[0. 0. 0.],MNIST,40.0,0.9785000085830688,1.0,0.0,3.0,Random,"Random 3 [0.9, 0.05, 0.05]",10000.0,global,48000.0,9,1
0.05,"[0.9, 0.05, 0.05]",30.0,Independant scores raw,0.9368000030517578,[0.98640001 0.9368     0.93409997],0.0,[0. 0. 0.],MNIST,40.0,0.9785000085830688,1.0,1.0,3.0,Random,"Random 3 [0.9, 0.05, 0.05]",10000.0,global,48000.0,9,1
0.05,"[0.9, 0.05, 0.05]",30.0,Independant scores raw,0.9340999722480774,[0.98640001 0.9368     0.93409997],0.0,[0. 0. 0.],MNIST,40.0,0.9785000085830688,1.0,2.0,3.0,Random,"Random 3 [0.9, 0.05, 0.05]",10000.0,global,48000.0,9,1
0.9,"[0.9, 0.05, 0.05]",30.0,Independant scores additive,0.3373377131182642,[0.33733771 0.32101394 0.32014836],0.0,[0. 0. 0.],MNIST,40.0,0.9785000085830688,1.0,0.0,3.0,Random,"Random 3 [0.9, 0.05, 0.05]",10000.0,global,48000.0,9,1
0.05,"[0.9, 0.05, 0.05]",30.0,Independant scores additive,0.32101393695645514,[0.33733771 0.32101394 0.32014836],0.0,[0. 0. 0.],MNIST,40.0,0.9785000085830688,1.0,1.0,3.0,Random,"Random 3 [0.9, 0.05, 0.05]",10000.0,global,48000.0,9,1
0.05,"[0.9, 0.05, 0.05]",30.0,Independant scores additive,0.3201483585083493,[0.33733771 0.32101394 0.32014836],0.0,[0. 0. 0.],MNIST,40.0,0.9785000085830688,1.0,2.0,3.0,Random,"Random 3 [0.9, 0.05, 0.05]",10000.0,global,48000.0,9,1
0.9,"[0.9, 0.1]",121.0,Shapley values,0.505950003862381,[0.50595    0.47814998],0.0,[0. 0.],MNIST,40.0,0.9832000136375427,1.0,0.0,2.0,Random,"Random 2 [0.9, 0.1]",10000.0,global,48000.0,9,2
0.1,"[0.9, 0.1]",121.0,Shapley values,0.47814998030662537,[0.50595    0.47814998],0.0,[0. 0.],MNIST,40.0,0.9832000136375427,1.0,1.0,2.0,Random,"Random 2 [0.9, 0.1]",10000.0,global,48000.0,9,2
0.9,"[0.9, 0.1]",30.0,Independant scores raw,0.9858999848365784,[0.98589998 0.95819998],0.0,[0. 0.],MNIST,40.0,0.9832000136375427,1.0,0.0,2.0,Random,"Random 2 [0.9, 0.1]",10000.0,global,48000.0,9,2
0.1,"[0.9, 0.1]",30.0,Independant scores raw,0.9581999778747559,[0.98589998 0.95819998],0.0,[0. 0.],MNIST,40.0,0.9832000136375427,1.0,1.0,2.0,Random,"Random 2 [0.9, 0.1]",10000.0,global,48000.0,9,2
0.9,"[0.9, 0.1]",30.0,Independant scores additive,0.49840823330610023,[0.49840823 0.48479178],0.0,[0. 0.],MNIST,40.0,0.9832000136375427,1.0,0.0,2.0,Random,"Random 2 [0.9, 0.1]",10000.0,global,48000.0,9,2
0.1,"[0.9, 0.1]",30.0,Independant scores additive,0.48479178033144243,[0.49840823 0.48479178],0.0,[0. 0.],MNIST,40.0,0.9832000136375427,1.0,1.0,2.0,Random,"Random 2 [0.9, 0.1]",10000.0,global,48000.0,9,2
